PDB ID,Chain ID,Entity ID,Sequence
1AAL,A,1,RPDFCLEPPYTGPCKARIIRYFYNAKAGLVQTFVYGGCRAKRNNFKSAEDAMRTCGGA
1AAL,B,1,RPDFCLEPPYTGPCKARIIRYFYNAKAGLVQTFVYGGCRAKRNNFKSAEDAMRTCGGA
1BIK,A,1,AVLPQEEEGSGGGQLVTEVTKKEDSCQLGYSAGPCMGMTSRYFYNGTSMACETFQYGGCMGNGNNFVTEKECLQTCRTVAACNLPIVRGPCRAFIQLWAFDAVKGKCVLFPYGGCQGNGNKFYSEKECREYCGVPGDGDEELLRFSN
1BPI,A,1,RPDFCLEPPYTGPCKARIIRYFYNAKAGLCQTFVYGGCRAKRNNFKSAEDCMRTCGGA
1BPT,A,1,RPDFCLEPPYTGPCKARIIRYFANAKAGLCQTFVYGGCRAKRNNFKSAEDCMRTCGGA
1DTX,A,1,EPRRKLCILHRNPGRCYDKIPAFYYNQKKKQCERFDWSGCGGNSNRFKTIEECRRTCIG
1G6X,A,1,RPDFCLEPPYAGACRARIIRYFYNAKAGLCQTFVYGGCRAKRNNFKSAEDCLRTCGGA
1KTH,A,1,ETDICKLPKDEGTCRDFILKWYYDPNTKSCARFWYGGCGGNENKFGSQKECEKVCAPV
1NAG,A,1,RPDFCLEPPYTGPCKARIIRYFYNAKAGLCQTFVYGGCRAKRGNFKSAEDCMRTCGGA
1Y62,A,1,KDRPSLCDLPADSGSGTKAEKRIYYNSARKQCLRFDYTGQGGNENNFRRTYDCQRTCLYT
1Y62,B,1,KDRPSLCDLPADSGSGTKAEKRIYYNSARKQCLRFDYTGQGGNENNFRRTYDCQRTCLYT
1Y62,C,1,KDRPSLCDLPADSGSGTKAEKRIYYNSARKQCLRFDYTGQGGNENNFRRTYDCQRTCLYT
1Y62,D,1,KDRPSLCDLPADSGSGTKAEKRIYYNSARKQCLRFDYTGQGGNENNFRRTYDCQRTCLYT
1Y62,E,1,KDRPSLCDLPADSGSGTKAEKRIYYNSARKQCLRFDYTGQGGNENNFRRTYDCQRTCLYT
1Y62,F,1,KDRPSLCDLPADSGSGTKAEKRIYYNSARKQCLRFDYTGQGGNENNFRRTYDCQRTCLYT
3AUC,A,1,RPAFCLEPPYAGPGKARIIRYFYNAAAGAAQTFVYGGVRAKRNNFASAADALAACAAAGGSSSSS
3AUC,B,1,RPAFCLEPPYAGPGKARIIRYFYNAAAGAAQTFVYGGVRAKRNNFASAADALAACAAAGGSSSSS
3AUH,A,1,RPAFCLEPPYAGPGKARIIRYFYNAAAGAAQAFVYGGVRAKRNNFASAADALAACAAAGGRRR
3AUH,C,1,RPAFCLEPPYAGPGKARIIRYFYNAAAGAAQAFVYGGVRAKRNNFASAADALAACAAAGGRRR
3AUH,E,1,RPAFCLEPPYAGPGKARIIRYFYNAAAGAAQAFVYGGVRAKRNNFASAADALAACAAAGGRRR
3AUH,G,1,RPAFCLEPPYAGPGKARIIRYFYNAAAGAAQAFVYGGVRAKRNNFASAADALAACAAAGGRRR
3OFW,A,1,EAEASICSEPKKVGRCKGYFPRFYFDSETGKCTPFIYGGCGGNGNNFETLHQCRAICRLG
3WNY,A,1,RPAFCLEPPYAGPGKARIIRYFYNAKAGAAQAFVYGGVRAKRNNFASAADALAACAAAGGKKK
3WNY,B,1,RPAFCLEPPYAGPGKARIIRYFYNAKAGAAQAFVYGGVRAKRNNFASAADALAACAAAGGKKK
3WNY,C,1,RPAFCLEPPYAGPGKARIIRYFYNAKAGAAQAFVYGGVRAKRNNFASAADALAACAAAGGKKK
3WNY,E,1,RPAFCLEPPYAGPGKARIIRYFYNAKAGAAQAFVYGGVRAKRNNFASAADALAACAAAGGKKK
3WNY,F,1,RPAFCLEPPYAGPGKARIIRYFYNAKAGAAQAFVYGGVRAKRNNFASAADALAACAAAGGKKK
3WNY,G,1,RPAFCLEPPYAGPGKARIIRYFYNAKAGAAQAFVYGGVRAKRNNFASAADALAACAAAGGKKK
3WNY,H,1,RPAFCLEPPYAGPGKARIIRYFYNAKAGAAQAFVYGGVRAKRNNFASAADALAACAAAGGKKK
3WNY,I,1,RPAFCLEPPYAGPGKARIIRYFYNAKAGAAQAFVYGGVRAKRNNFASAADALAACAAAGGKKK
5EZD,A,1,KRGIDLKVQPQEPLVLKDVENTDWRLLRGDTDVRVERKDPNQVELWGLKEGTYLFQLTVTSSDHPEDTANVTVTVLSTKQTEDYCLASNKVGRCRGSFPRWYYDPTEQICKSFVYGGCLGNKNNYLREEECILACRGVDHHHHHH
5EZD,B,1,KRGIDLKVQPQEPLVLKDVENTDWRLLRGDTDVRVERKDPNQVELWGLKEGTYLFQLTVTSSDHPEDTANVTVTVLSTKQTEDYCLASNKVGRCRGSFPRWYYDPTEQICKSFVYGGCLGNKNNYLREEECILACRGVDHHHHHH
5JB4,A,1,RPAFCLEPPYAGPGAAAIIRYFYNAAAGAAQAFVYGGVRAKRNNFASAADALAACAAA
5JB4,B,1,RPAFCLEPPYAGPGAAAIIRYFYNAAAGAAQAFVYGGVRAKRNNFASAADALAACAAA
5JB4,C,1,RPAFCLEPPYAGPGAAAIIRYFYNAAAGAAQAFVYGGVRAKRNNFASAADALAACAAA
5JB5,A,1,RPAFCLEPPYAGPGAAAIIRYFYNAAAGAAQAFVYGGVAAKRNNFASAADALAACAAA
5JB5,B,1,RPAFCLEPPYAGPGAAAIIRYFYNAAAGAAQAFVYGGVAAKRNNFASAADALAACAAA
5JB5,C,1,RPAFCLEPPYAGPGAAAIIRYFYNAAAGAAQAFVYGGVAAKRNNFASAADALAACAAA
5JB6,A,1,RPAFCLEAPYAGPGAAAIIRYFYNAAAGAAQAFVYGGVAAKRNNFASAADALAACAAA
5JB6,B,1,RPAFCLEAPYAGPGAAAIIRYFYNAAAGAAQAFVYGGVAAKRNNFASAADALAACAAA
5JB6,C,1,RPAFCLEAPYAGPGAAAIIRYFYNAAAGAAQAFVYGGVAAKRNNFASAADALAACAAA
5JB7,A,1,RPAFCLEAPYAGPGAAAIIRYFYNAAAGAAQAFVYGGVAAKRNNFASAAAALAACAAA
5JB7,B,1,RPAFCLEAPYAGPGAAAIIRYFYNAAAGAAQAFVYGGVAAKRNNFASAAAALAACAAA
5JB7,C,1,RPAFCLEAPYAGPGAAAIIRYFYNAAAGAAQAFVYGGVAAKRNNFASAAAALAACAAA
5M4V,A,1,RPSFCNLPVKPGPCKAFFSAFYYSQKTNKCHSFTYGGCKGNANRFSTLEKCRRTCVG
7PTI,A,1,RPDFCLEPPYTGPCKARIIRYFYNAKAGLAQTFVYGGCRAKRNNFKSAEDAMRTCGGA
